CCA3,Rank,Country,Capital,Continent,2022 Population,2020 Population,2015 Population,2010 Population,2000 Population,1990 Population,1980 Population,1970 Population,Area (km²),Density (per km²),World Population Percentage
AFG,36,Afghanistan,Kabul,Asia,41128771.0,37441135.0,33753499.0,28189672.0,19442234.0,10694796.0,12486631.0,10752971.0,652230,63.0587,0.52
ALB,138,Albania,Tirana,Europe,2842321.0,2866849.0,2882481.0,2913399.0,3182021.0,3295066.0,2941651.0,2324731.0,28748,98.8702,0.04
DZA,34,Algeria,Algiers,Africa,44903225.0,43451666.0,39225984.333333336,35000302.666666664,30774621.0,25518074.0,18739378.0,13795915.0,2381741,18.8531,0.56
ASM,213,American Samoa,Pago Pago,Oceania,46189.0,46189.0,51368.0,54849.0,58230.0,47818.0,32886.0,27075.0,199,222.4774,0.0
AND,203,Andorra,Andorra la Vella,Europe,79824.0,77700.0,71746.0,71519.0,66097.0,53569.0,35611.0,19860.0,468,170.5641,0.0
AGO,42,Angola,Luanda,Africa,35588987.0,33428485.0,28127721.0,23364185.0,16394062.0,11828638.0,8330047.0,6029700.0,1246700,28.5466,0.45
AIA,224,Anguilla,The Valley,North America,15857.0,15585.0,14525.0,13172.0,11047.0,8316.0,6560.0,6283.0,91,174.2527,0.0
ATG,201,Antigua and Barbuda,Saint John’s,North America,93763.0,92664.0,89941.0,85695.0,75055.0,63328.0,64888.0,64516.0,442,212.1335,0.0
ARG,33,Argentina,Buenos Aires,South America,45510318.0,45036032.0,43257065.0,41100123.0,37070774.0,32637657.0,28024803.0,23842803.0,2780400,16.3683,0.57
ARM,140,Armenia,Yerevan,Asia,2780469.0,2805608.0,2878595.0,2946293.0,3168523.0,3556539.0,3045458.0,2534377.0,29743,93.4831,0.03
ABW,198,Aruba,Oranjestad,North America,106445.0,106585.0,104257.0,100341.0,89101.0,65712.0,62267.0,59106.0,180,591.3611,0.0
AUS,55,Australia,Canberra,Oceania,26177413.0,25670051.0,23820236.0,22019168.0,19017963.0,17048003.0,14706322.0,12595034.0,7692024,3.4032,0.33
AUT,99,Austria,Vienna,Europe,8939617.0,8907777.0,8642421.0,8362829.0,8010428.0,7678729.0,7547561.0,7465301.0,83871,106.5877,0.11
AZE,91,Azerbaijan,Baku,Asia,10358074.0,10284951.0,9863480.0,9237202.0,8190337.0,7427836.0,6383060.0,5425317.0,86600,119.6082,0.13
BHS,176,Bahamas,Nassau,North America,409984.0,406471.0,392697.0,373272.0,325014.0,270679.0,223752.0,179129.0,13943,29.4043,0.01
BHR,154,Bahrain,Manama,Asia,1472233.0,1477469.0,1362142.0,1213645.0,711442.0,517418.0,362595.0,222555.0,765,1924.4876,0.02
BGD,8,Bangladesh,Dhaka,Asia,171186372.0,167420951.0,157830000.0,148391139.0,129193327.0,107147651.0,83929765.0,67541860.0,147570,1160.035,2.15
BRB,186,Barbados,Bridgetown,North America,281635.0,280693.0,278083.0,274711.0,264657.0,258868.0,253575.0,241397.0,430,654.9651,0.0
BLR,96,Belarus,Minsk,Europe,9534954.0,9633740.0,9700609.0,9729771.0,9758933.0,9788095.0,9817257.0,9170786.0,207600,45.9295,0.12
BEL,81,Belgium,Brussels,Europe,11655930.0,11561717.0,11248303.0,10877947.0,10264343.0,9959560.0,9828986.0,9629376.0,30528,381.8111,0.15
BLZ,177,Belize,Belmopan,North America,405272.0,394921.0,359871.0,322106.0,240406.0,182589.0,145133.0,120905.0,22966,17.6466,0.01
BEN,77,Benin,Porto-Novo,Africa,13352864.0,12643123.0,10932783.0,9445710.0,6998023.0,5133419.0,3833939.0,3023443.0,112622,118.5635,0.17
BMU,206,Bermuda,Hamilton,North America,64184.0,64031.0,63144.0,63447.0,61371.0,57470.0,53565.0,52019.0,54,1188.5926,0.0
BTN,165,Bhutan,Thimphu,Asia,782455.0,772506.0,743274.0,705516.0,587207.0,558442.0,415257.0,298894.0,38394,20.3796,0.01
BOL,80,Bolivia,Sucre,South America,12224110.0,11936162.0,11090085.0,10223270.0,8592656.0,7096194.0,5736088.0,4585693.0,1098581,11.1272,0.15
BIH,137,Bosnia and Herzegovina,Sarajevo,Europe,3233526.0,3318407.0,3524324.0,3811088.0,4179350.0,4494310.0,4199820.0,3815561.0,51209,63.1437,0.04
BWA,144,Botswana,Gaborone,Africa,2630296.0,2546402.0,2273263.0,2000124.0,1726985.0,1341474.0,938578.0,592244.0,582000,4.5194,0.03
BRA,7,Brazil,Brasilia,South America,215313498.0,213196304.0,205188205.0,196353492.0,175873720.0,150706446.0,122288383.0,96369875.0,8515767,25.2841,2.7
VGB,221,British Virgin Islands,Road Town,North America,31305.0,30910.0,29366.0,27556.0,20104.0,15617.0,11109.0,9581.0,151,207.3179,0.0
BRN,175,Brunei,Bandar Seri Begawan,Asia,449002.0,441725.0,421437.0,396053.0,333926.0,261928.0,187921.0,133343.0,5765,77.8841,0.01
BGR,108,Bulgaria,Sofia,Europe,6781953.0,6979175.0,7309253.0,7592273.0,8097691.0,8767778.0,8980606.0,8582950.0,110879,61.1654,0.09
BFA,58,Burkina Faso,Ouagadougou,Africa,22673762.0,21522626.0,18718019.0,16116845.0,11882888.0,9131361.0,6932967.0,5611666.0,272967,83.0641,0.28
BDI,78,Burundi,Bujumbura,Africa,12889576.0,12220227.0,10727148.0,9126605.0,6307659.0,5483793.0,4312834.0,3497834.0,27834,463.0874,0.16
KHM,73,Cambodia,Phnom Penh,Asia,16767842.0,16396860.0,15417523.0,14363532.0,12118841.0,8910808.0,6198959.0,6708525.0,181035,92.6221,0.21
CMR,53,Cameroon,Yaounde,Africa,27914536.0,26491087.0,23012646.0,19878036.0,15091594.0,11430520.0,8519891.0,6452787.0,475442,58.7128,0.35
CAN,39,Canada,Ottawa,North America,38454327.0,37888705.0,35732126.0,33963412.0,30683313.0,27657204.0,24511510.0,21434577.0,9984670,3.8513,0.48
CPV,171,Cape Verde,Praia,Africa,593149.0,582640.0,552166.0,521212.0,458251.0,364563.0,317234.0,287262.0,4033,147.0739,0.01
CYM,205,Cayman Islands,George Town,North America,68706.0,67311.0,60911.0,54074.0,39658.0,26027.0,17100.0,10533.0,264,260.25,0.0
CAF,117,Central African Republic,Bangui,Africa,5579144.0,5343020.0,4819333.0,4660067.0,3759170.0,2809221.0,2415276.0,2067356.0,622984,8.9555,0.07
TCD,69,Chad,N'Djamena,Africa,17723315.0,16644701.0,14140274.0,11894727.0,8259137.0,5827069.0,4408230.0,3667394.0,1284000,13.8032,0.22
CHL,65,Chile,Santiago,South America,19603733.0,19300315.0,17870124.0,17004162.0,15351799.0,13342868.0,11469828.0,9820481.0,756102,25.9274,0.25
CHN,1,China,Beijing,Asia,1425887337.0,1424929781.0,1393715448.0,1348191368.0,1264099069.0,1153704252.0,982372466.0,822534450.0,9706961,146.8933,17.88
COL,28,Colombia,Bogota,South America,51874024.0,50930662.0,47119728.0,44816108.0,39215135.0,32601393.0,26176195.0,20905254.0,1141748,45.4339,0.65
COM,163,Comoros,Moroni,Africa,836774.0,806166.0,730216.0,656024.0,536758.0,431119.0,328328.0,242351.0,1862,449.3953,0.01
COK,223,Cook Islands,Avarua,Oceania,17011.0,17029.0,17695.0,17212.0,15897.0,17123.0,17651.0,20470.0,236,72.0805,0.0
CRI,124,Costa Rica,San José,North America,5180829.0,5123105.0,4895242.0,4622252.0,3979193.0,3158253.0,2414303.0,1855697.0,51100,101.3861,0.06
HRV,130,Croatia,Zagreb,Europe,4030358.0,4096868.0,4254815.0,4368682.0,4548434.0,4873707.0,4680144.0,4492638.0,56594,71.2153,0.05
CUB,85,Cuba,Havana,North America,11212191.0,11300698.0,11339894.0,11290417.0,11105791.0,10626680.0,9809107.0,8869636.0,109884,102.0366,0.14
CUW,189,Curacao,Willemstad,North America,191163.0,189288.0,169572.0,159380.0,141424.0,155446.0,156851.0,150385.0,444,430.5473,0.0
CYP,158,Cyprus,Nicosia,Europe,1251488.0,1237537.0,1187280.0,1129686.0,948237.0,788500.0,679327.0,640804.0,9251,135.2814,0.02
CZE,88,Czech Republic,Prague,Europe,10493986.0,10530953.0,10523798.0,10464749.0,10234710.0,10301192.0,10270060.0,9795744.0,78865,133.0627,0.13
DNK,115,Denmark,Copenhagen,Europe,5882261.0,5825641.0,5677796.0,5550849.0,5340655.0,5144623.0,5125392.0,4922963.0,43094,136.4984,0.07
DJI,160,Djibouti,Djibouti,Africa,1120849.0,1090156.0,1006259.0,919199.0,742033.0,577173.0,324121.0,144379.0,23200,48.3125,0.01
DMA,204,Dominica,Roseau,North America,72737.0,71995.0,70007.0,68755.0,68346.0,69481.0,72978.0,68895.0,751,96.8535,0.0
DOM,84,Dominican Republic,Santo Domingo,North America,11228821.0,10999664.0,10405832.0,9775755.0,8540791.0,7129004.0,5755800.0,4475871.0,48671,230.7087,0.14
COD,15,DR Congo,Kinshasa,Africa,99010212.0,92853164.0,78656904.0,66391257.0,48616317.0,35987541.0,26708686.0,20151733.0,2344858,42.2244,1.24
ECU,67,Ecuador,Quito,South America,18001000.0,17588595.0,16195902.0,14989585.0,12626507.0,10449837.0,8135845.0,6172215.0,276841,65.0229,0.23
EGY,14,Egypt,Cairo,Africa,110990103.0,107465134.0,97723799.0,87252413.0,71371371.0,57214630.0,43748556.0,34781986.0,1002450,110.7188,1.39
SLV,112,El Salvador,San Salvador,North America,6336392.0,6292731.0,6231066.0,6114034.0,5958482.0,5367179.0,4508992.0,3619090.0,21041,301.145,0.08
GNQ,152,Equatorial Guinea,Malabo,Africa,1674908.0,1596049.0,1346973.0,1094524.0,684977.0,465549.0,282509.0,316955.0,28051,59.7094,0.02
ERI,132,Eritrea,Asmara,Africa,3684032.0,3555868.0,3340006.0,3147727.0,2392880.0,2149960.0,1657982.0,1272748.0,117600,31.3268,0.05
EST,156,Estonia,Tallinn,Europe,1326062.0,1329444.0,1314657.0,1331535.0,1396877.0,1570674.0,1476983.0,1361999.0,45227,29.3201,0.02
SWZ,159,Eswatini,Mbabane,Africa,1201670.0,1180655.0,1133936.0,1099920.0,1030496.0,854011.0,598564.0,442865.0,17364,69.2047,0.02
ETH,12,Ethiopia,Addis Ababa,Africa,123379924.0,117190911.0,102471895.0,89237791.0,67031867.0,47878073.0,34945469.0,28308246.0,1104300,111.7268,1.55
FLK,231,Falkland Islands,Stanley,South America,3780.0,3747.0,3408.0,3187.0,3080.0,2332.0,2240.0,2274.0,12173,0.3105,0.0
FRO,209,Faroe Islands,Tórshavn,Europe,53090.0,52415.0,48816.0,48410.0,45660.0,47479.0,43054.0,38416.0,1393,38.112,0.0
FJI,162,Fiji,Suva,Oceania,929766.0,920422.0,917200.0,905169.0,832509.0,780430.0,644582.0,527634.0,18272,50.8847,0.01
FIN,118,Finland,Helsinki,Europe,5540745.0,5529468.0,5479461.0,5363271.0,5176209.0,4986545.0,4779418.0,4606621.0,338424,16.3722,0.07
FRA,23,France,Paris,Europe,64626628.0,64480053.0,63809769.0,62444567.0,58665453.0,56412897.0,53713830.0,50523586.0,551695,117.1419,0.81
GUF,184,French Guiana,Cayenne,South America,304557.0,290969.0,257026.0,228453.0,164351.0,113931.0,66825.0,46484.0,83534,3.6459,0.0
PYF,183,French Polynesia,Papeete,Oceania,306279.0,301920.0,291787.0,283788.0,250927.0,211089.0,163591.0,117891.0,4167,73.5011,0.0
GAB,146,Gabon,Libreville,Africa,2388992.0,2292573.0,2028517.0,1711105.0,1272935.0,983028.0,749078.0,597192.0,267668,8.9252,0.03
GMB,142,Gambia,Banjul,Africa,2705992.0,2573995.0,2253133.0,1937275.0,1437539.0,1040616.0,718586.0,528731.0,10689,253.1567,0.03
GEO,131,Georgia,Tbilisi,Asia,3744385.0,3765912.0,3771132.0,3836831.0,4265172.0,5391636.0,5145843.0,4800426.0,69700,53.7214,0.05
DEU,19,Germany,Berlin,Europe,83369843.0,83328988.0,82073226.0,81325090.0,81551677.0,79370196.0,77786703.0,78294583.0,357114,233.4544,1.05
GHA,47,Ghana,Accra,Africa,33475870.0,32180401.0,28870939.0,25574719.0,19665502.0,15446982.0,11865246.0,8861895.0,238533,140.3406,0.42
GIB,219,Gibraltar,Gibraltar,Europe,32649.0,32709.0,32520.0,31262.0,27741.0,27317.0,28734.0,26685.0,6,5441.5,0.0
GRC,90,Greece,Athens,Europe,10384971.0,10512232.0,10806641.0,11033783.0,11038109.0,10302255.0,9307148.0,8544873.0,131990,78.68,0.13
GRL,208,Greenland,Nuuk,North America,56466.0,56026.0,55895.0,56351.0,56184.0,55599.0,50106.0,45434.0,2166086,0.0261,0.0
GRD,193,Grenada,Saint George's,North America,125438.0,123663.0,118980.0,114039.0,107432.0,99047.0,94838.0,98794.0,344,364.6453,0.0
GLP,178,Guadeloupe,Basse-Terre,North America,395752.0,395642.0,399089.0,403072.0,424067.0,391951.0,334234.0,318310.0,1628,243.0909,0.0
GUM,191,Guam,Hagåtña,Oceania,171774.0,169231.0,167978.0,164905.0,160188.0,138263.0,110286.0,88300.0,549,312.8852,0.0
GTM,68,Guatemala,Guatemala City,North America,17843908.0,17362718.0,16001107.0,14543121.0,11735894.0,9084780.0,6987767.0,5453208.0,108889,163.8725,0.22
GGY,207,Guernsey,Saint Peter Port,Europe,63301.0,62794.0,61629.0,60782.0,59114.0,57727.0,52860.0,52656.0,78,811.5513,0.0
GIN,75,Guinea,Conakry,Africa,13859341.0,13205153.0,11625998.0,10270728.0,8336967.0,6354145.0,4972609.0,4222374.0,245857,56.3716,0.17
GNB,149,Guinea-Bissau,Bissau,Africa,2105566.0,2015828.0,1788919.0,1567220.0,1230849.0,973551.0,831462.0,591663.0,36125,58.2856,0.03
GUY,164,Guyana,Georgetown,South America,808726.0,797202.0,755031.0,747932.0,759051.0,747116.0,778176.0,705261.0,214969,3.7621,0.01
HTI,82,Haiti,Port-au-Prince,North America,11584996.0,11306801.0,10563757.0,9842880.0,8360225.0,6925331.0,5646676.0,4680812.0,27750,417.4773,0.15
HND,89,Honduras,Tegucigalpa,North America,10432860.0,10121763.0,9294505.0,8450933.0,6656725.0,5053234.0,3777990.0,2782753.0,112492,92.7431,0.13
HKG,104,Hong Kong,Hong Kong,Asia,7488865.0,7500958.0,7399838.0,7132438.0,6731195.0,5838574.0,4978544.0,3955072.0,1104,6783.3922,0.09
HUN,94,Hungary,Budapest,Europe,9967308.0,9750573.0,9844246.0,9986825.0,10202055.0,10375989.0,10698679.0,10315366.0,93028,107.1431,0.12
ISL,179,Iceland,Reykjavík,Europe,372899.0,366669.0,331060.0,318333.0,281462.0,255019.0,228263.0,204468.0,103000,3.6204,0.0
IND,2,India,New Delhi,Asia,1417173173.0,1396387127.0,1322866505.0,1240613620.0,1059633675.0,870452165.0,696828385.0,557501301.0,3287590,431.0675,17.77
IDN,4,Indonesia,Jakarta,Asia,275501339.0,271857970.0,259091970.0,244016173.0,214072421.0,182159874.0,148177096.0,115228394.0,1904569,144.6529,3.45
IRN,17,Iran,Tehran,Asia,88550570.0,87290193.0,81790841.0,75373855.0,65544383.0,55793629.0,38520664.0,28449705.0,1648195,53.7258,1.11
IRQ,35,Iraq,Baghdad,Asia,44496122.0,42556984.0,37757813.0,31264875.0,24628858.0,17658381.0,13653369.0,9811347.0,438317,101.5158,0.56
IRL,125,Ireland,Dublin,Europe,5023109.0,4946119.0,4665760.0,4524585.0,3768950.0,3485374.0,3391387.0,2937637.0,70273,71.4799,0.06
IMN,202,Isle of Man,Douglas,Europe,84519.0,84046.0,83593.0,83828.0,75562.0,68865.0,64022.0,55298.0,572,147.7605,0.0
ISR,98,Israel,Jerusalem,Asia,9038309.0,8757489.0,8007778.0,7328445.0,6116958.0,4803254.0,3744608.0,2907307.0,20770,435.1617,0.11
ITA,25,Italy,Rome,Europe,59037474.0,59500579.0,60232906.0,59822450.0,56966397.0,56756561.0,56329482.0,53324036.0,301336,195.9191,0.74
CIV,52,Ivory Coast,Yamoussoukro,Africa,28160542.0,26811790.0,23596741.0,21120042.0,16799670.0,11910540.0,8303809.0,5477086.0,322463,87.3295,0.35
JAM,139,Jamaica,Kingston,North America,2827377.0,2820436.0,2794445.0,2733896.0,2612205.0,2392030.0,2135546.0,1859091.0,10991,257.2447,0.04
JPN,11,Japan,Tokyo,Asia,123951692.0,125244761.0,127250933.0,128105431.0,126803861.0,123686321.0,117624196.0,105416839.0,377930,327.9753,1.55
JEY,195,Jersey,Saint Helier,Europe,110778.0,108319.0,100561.0,96151.0,86192.0,82874.0,75124.0,68347.0,116,954.9828,0.0
JOR,83,Jordan,Amman,Asia,11285869.0,10928721.0,9494246.0,6931258.0,5056174.0,3480587.0,2216903.0,1557374.0,89342,126.3221,0.14
KAZ,66,Kazakhstan,Nursultan,Asia,19397998.0,18979243.0,17835909.0,16627837.0,15236253.0,16866563.0,14172710.0,12265305.0,2724900,7.1188,0.24
KEN,27,Kenya,Nairobi,Africa,54027487.0,51985780.0,46851488.0,41517895.0,30851606.0,23162269.0,16187124.0,11473087.0,580367,93.0919,0.68
KIR,192,Kiribati,Tarawa,Oceania,131232.0,126463.0,116707.0,107995.0,88826.0,75124.0,60813.0,57437.0,811,161.815,0.0
KWT,129,Kuwait,Kuwait City,Asia,4268873.0,4360444.0,3908743.0,2943356.0,1934901.0,1674938.0,1493870.0,802786.0,17818,239.5821,0.05
KGZ,110,Kyrgyzstan,Bishkek,Asia,6630623.0,6424874.0,5914980.0,5483774.0,4935182.0,4394734.0,3691209.0,3016384.0,199951,33.1612,0.08
LAO,103,Laos,Vientiane,Asia,7529475.0,7319399.0,6787419.0,6323418.0,5430853.0,4314443.0,3297519.0,2675283.0,236800,31.7968,0.09
LVA,151,Latvia,Riga,Europe,1850651.0,1897052.0,1991955.0,2101530.0,2392530.0,2689391.0,2572037.0,2397414.0,64559,28.666,0.02
LBN,119,Lebanon,Beirut,Asia,5489739.0,5662923.0,6398940.0,4995800.0,4320642.0,3593700.0,2963702.0,2381791.0,10452,525.2334,0.07
LSO,147,Lesotho,Maseru,Africa,2305825.0,2254100.0,2118521.0,2022747.0,1998630.0,1798997.0,1407672.0,1023481.0,30355,75.962,0.03
LBR,121,Liberia,Monrovia,Africa,5302681.0,5087584.0,4612329.0,4019956.0,2895224.0,2209731.0,1932169.0,1463563.0,111369,47.6136,0.07
LBY,107,Libya,Tripoli,Africa,6812341.0,6653942.0,6192235.0,6491988.0,5154790.0,4236983.0,2962720.0,1909177.0,1759540,3.8717,0.09
LIE,216,Liechtenstein,Vaduz,Europe,39327.0,38756.0,37355.0,35926.0,33026.0,28765.0,25003.0,21089.0,160,245.7937,0.0
LTU,141,Lithuania,Vilnius,Europe,2750055.0,2820267.0,2963765.0,3139019.0,3599637.0,3785847.0,3521206.0,3210147.0,65300,42.1142,0.03
LUX,168,Luxembourg,Luxembourg,Europe,647599.0,630399.0,569408.0,507070.0,435628.0,381267.0,363741.0,339342.0,2586,250.425,0.01
MAC,167,Macau,Concelho de Macau,Asia,695168.0,676283.0,615239.0,557297.0,431896.0,350227.0,245332.0,247284.0,30,23172.2667,0.01
MDG,50,Madagascar,Antananarivo,Africa,29611714.0,28225177.0,24850912.0,21731053.0,16216431.0,11882762.0,8948162.0,6639751.0,587041,50.4423,0.37
MWI,62,Malawi,Lilongwe,Africa,20405317.0,19377061.0,16938942.0,14718422.0,11229387.0,9539665.0,6267369.0,4625141.0,118484,172.22,0.26
MYS,45,Malaysia,Kuala Lumpur,Asia,33938221.0,33199993.0,31068833.0,28717731.0,22945150.0,17517054.0,13215707.0,10306508.0,330803,102.5934,0.43
MDV,174,Maldives,Malé,Asia,523787.0,514438.0,435582.0,361575.0,282507.0,224957.0,164887.0,123243.0,300,1745.9567,0.01
MLI,59,Mali,Bamako,Africa,22593590.0,21224040.0,18112907.0,15529181.0,11239101.0,8945026.0,7372581.0,6153587.0,1240192,18.2178,0.28
MLT,173,Malta,Valletta,Europe,533286.0,515357.0,456579.0,418755.0,399212.0,365392.0,333587.0,315414.0,316,1687.6139,0.01
MHL,215,Marshall Islands,Majuro,Oceania,41569.0,43413.0,49410.0,53416.0,54224.0,46047.0,31988.0,23969.0,181,229.663,0.0
MTQ,180,Martinique,Fort-de-France,North America,367507.0,370391.0,383515.0,392181.0,432543.0,374271.0,333786.0,326428.0,1128,325.8041,0.0
MRT,126,Mauritania,Nouakchott,Africa,4736139.0,4498604.0,3946220.0,3419461.0,2695003.0,2006027.0,1506694.0,1122198.0,1030700,4.5951,0.06
MUS,157,Mauritius,Port Louis,Africa,1299469.0,1297828.0,1293153.0,1283330.0,1215930.0,1090290.0,954865.0,830115.0,2040,636.9946,0.02
MYT,182,Mayotte,Mamoudzou,Africa,326101.0,305587.0,249545.0,211786.0,159215.0,92659.0,52233.0,35383.0,374,871.9278,0.0
MEX,10,Mexico,Mexico City,North America,127504125.0,125998302.0,120149897.0,112532401.0,97873442.0,81720428.0,67705186.0,50289306.0,1964375,64.9082,1.6
FSM,194,Micronesia,Palikir,Oceania,114164.0,112106.0,109462.0,107588.0,111709.0,98603.0,76299.0,58989.0,702,162.6268,0.0
MDA,135,Moldova,Chisinau,Europe,3272996.0,3084847.0,3277388.0,3678186.0,4251573.0,4480199.0,4103240.0,3711140.0,33846,96.7026,0.04
MCO,217,Monaco,Monaco,Europe,36469.0,36922.0,36760.0,33178.0,32465.0,30329.0,27076.0,24270.0,2,18234.5,0.0
MNG,134,Mongolia,Ulaanbaatar,Asia,3398366.0,3294335.0,2964749.0,2702520.0,2450979.0,2161433.0,1697780.0,1293880.0,1564110,2.1727,0.04
MNE,169,Montenegro,Podgorica,Europe,627082.0,629048.0,633966.0,631044.0,633324.0,621442.0,589324.0,530268.0,13812,45.4012,0.01
MSR,230,Montserrat,Brades,North America,4390.0,4500.0,5059.0,4938.0,5138.0,10805.0,11452.0,11402.0,102,43.0392,0.0
MAR,40,Morocco,Rabat,Africa,37457971.0,36688772.0,34680458.0,32464865.0,28554415.0,24570814.0,19678444.0,15274351.0,446550,83.883,0.47
MOZ,48,Mozambique,Maputo,Africa,32969517.0,31178239.0,26843246.0,23073723.0,17768505.0,13303459.0,11413587.0,8411676.0,801590,41.1302,0.41
MMR,26,Myanmar,Nay Pyi Taw,Asia,54179306.0,53423198.0,51483949.0,49390988.0,45538332.0,40099553.0,33465781.0,27284112.0,676578,80.0784,0.68
NAM,145,Namibia,Windhoek,Africa,2567012.0,2489098.0,2282704.0,2099271.0,1819141.0,1369011.0,975994.0,754467.0,825615,3.1092,0.03
NRU,225,Nauru,Yaren,Oceania,12668.0,12315.0,11185.0,10241.0,10377.0,9598.0,7635.0,6663.0,21,603.2381,0.0
NPL,49,Nepal,Kathmandu,Asia,30547580.0,29348627.0,27610325.0,27161567.0,24559500.0,19616530.0,15600442.0,12501285.0,147181,207.5511,0.38
NLD,71,Netherlands,Amsterdam,Europe,17564014.0,17434557.0,17041107.0,16617116.0,15899135.0,14944548.0,14130387.0,13037686.0,41850,419.6897,0.22
NCL,185,New Caledonia,Nouméa,Oceania,289950.0,286403.0,283032.0,261426.0,221537.0,177264.0,148599.0,110982.0,18575,15.6097,0.0
NZL,123,New Zealand,Wellington,Oceania,5185288.0,5061133.0,4590590.0,4346338.0,3855266.0,3397389.0,3147168.0,2824061.0,270467,19.1716,0.07
NIC,106,Nicaragua,Managua,North America,6948392.0,6755895.0,6298598.0,5855734.0,5123222.0,4227820.0,3303309.0,2444767.0,130373,53.2962,0.09
NER,54,Niger,Niamey,Africa,26207977.0,24333639.0,20128124.0,16647543.0,11622665.0,8370647.0,6173177.0,4669708.0,1267000,20.6851,0.33
NGA,6,Nigeria,Abuja,Africa,218541212.0,208327405.0,183995785.0,160952853.0,122851984.0,95214257.0,72951439.0,55569264.0,923768,236.5759,2.74
NIU,232,Niue,Alofi,Oceania,1934.0,1942.0,1847.0,2075.6666666666665,2304.3333333333335,2533.0,3637.0,5185.0,260,7.4385,0.0
PRK,56,North Korea,Pyongyang,Asia,26069416.0,25867467.0,25258015.0,24686435.0,23367059.0,20799523.0,17973650.0,14996879.0,120538,216.2755,0.33
MKD,150,North Macedonia,Skopje,Europe,2093599.0,2111072.0,2107962.0,2093828.0,2037936.0,2044174.0,1907023.0,1656783.0,25713,81.4218,0.03
NFK,210,Northern Mariana Islands,Saipan,Oceania,49551.0,49587.0,51514.0,54087.0,80338.0,48002.0,17613.0,10143.0,464,106.7909,0.0
NOR,120,Norway,Oslo,Europe,5434319.0,5379839.0,5190356.0,4889741.0,4491202.0,4241636.0,4085776.0,3875546.0,323802,16.7828,0.07
OMN,127,Oman,Muscat,Asia,4576298.0,4543399.0,4191776.0,2881914.0,2344253.0,1804524.0,1017462.0,670693.0,309500,14.7861,0.06
PAK,5,Pakistan,Islamabad,Asia,235824862.0,227196741.0,210969298.0,194454498.0,154369924.0,115414069.0,80624057.0,59290872.0,881912,267.4018,2.96
PLW,222,Palau,Ngerulmud,Oceania,18055.0,17972.0,17794.0,18540.0,19726.0,15293.0,12252.0,11366.0,459,39.3355,0.0
PSE,122,Palestine,Ramallah,Asia,5250072.0,5019401.0,4484614.0,3992278.0,3139954.0,2124609.0,1453620.0,1118241.0,6220,844.063,0.07
PAN,128,Panama,Panama City,North America,4408581.0,4294396.0,3957099.0,3623617.0,3001731.0,2449968.0,1956987.0,1516188.0,75417,58.4561,0.06
PNG,93,Papua New Guinea,Port Moresby,Oceania,10142619.0,9749640.0,8682174.0,7583269.0,5508297.0,3864972.0,3104788.0,2489059.0,462840,21.9139,0.13
PRY,109,Paraguay,Asunción,South America,6780744.0,6618695.0,6177950.0,5768613.0,5123819.0,4059195.0,3078912.0,2408787.0,406752,16.6705,0.09
PER,44,Peru,Lima,South America,34049588.0,33304756.0,30711863.0,29229572.0,26654439.0,22109099.0,17492406.0,13562371.0,1285216,26.4933,0.43
PHL,13,Philippines,Manila,Asia,115559009.0,112190977.0,103031365.0,94636700.0,77958223.0,61558898.0,48419546.0,37435586.0,342353,337.5434,1.45
POL,37,Poland,Warsaw,Europe,39857145.0,38428366.0,38553146.0,38597353.0,38504431.0,38064255.0,35521429.0,32482943.0,312679,127.4698,0.5
PRT,92,Portugal,Lisbon,Europe,10270865.0,10298192.0,10365435.0,10588401.0,10300626.0,10007346.0,9785252.0,8683631.0,92090,111.5307,0.13
PRI,136,Puerto Rico,San Juan,North America,3252407.0,3271564.0,3497335.0,3717922.0,3827108.0,3543776.0,3214568.0,2737619.0,8870,366.675,0.04
QAT,143,Qatar,Doha,Asia,2695122.0,2760385.0,2414573.0,1713504.0,645937.0,441675.0,277450.0,118007.0,11586,232.6189,0.03
COG,114,Republic of the Congo,Brazzaville,Africa,5970424.0,5702174.0,5064386.0,4437884.0,3134030.0,2385435.0,1829256.0,1396989.0,342000,17.4574,0.07
REU,161,Reunion,Saint-Denis,Africa,974052.0,957822.0,922495.0,890130.0,785424.0,658992.0,551674.0,473925.0,2511,387.914,0.01
ROU,64,Romania,Bucharest,Europe,19659267.0,19442038.0,19906079.0,20335211.0,21919876.0,22836234.0,22125224.0,19922618.0,238391,82.4665,0.25
RUS,9,Russia,Moscow,Europe,144713314.0,145617329.0,144668389.0,143242599.0,146844839.0,148005704.0,138257420.0,130093010.0,17098242,8.4636,1.81
RWA,76,Rwanda,Kigali,Africa,13776698.0,13146362.0,11642959.0,10309031.0,8109989.0,7319962.0,5247532.0,3896367.0,26338,523.0731,0.17
BLM,228,Saint Barthelemy,Gustavia,North America,10967.0,10681.0,9643.0,8988.0,7082.0,5168.0,2983.0,2417.0,21,522.2381,0.0
KNA,211,Saint Kitts and Nevis,Basseterre,North America,47657.0,47642.0,47790.0,47403.0,45461.0,40636.0,43097.0,44968.0,261,182.5939,0.0
LCA,190,Saint Lucia,Castries,North America,179857.0,179237.0,175623.0,170935.0,159500.0,142301.0,121633.0,103090.0,616,291.9756,0.0
MAF,220,Saint Martin,Marigot,North America,31791.0,32552.0,35020.0,36458.0,29610.0,28127.0,7776.0,5802.0,53,599.8302,0.0
SPM,229,Saint Pierre and Miquelon,Saint-Pierre,North America,5862.0,5906.0,5978.0,6052.0,6274.0,6324.0,6106.0,5537.0,242,24.2231,0.0
VCT,199,Saint Vincent and the Grenadines,Kingstown,North America,103948.0,104632.0,106482.0,109308.0,113813.0,112487.0,107480.0,98459.0,389,267.2185,0.0
WSM,188,Samoa,Apia,Oceania,222382.0,214929.0,203571.0,194672.0,184008.0,168186.0,164905.0,142771.0,2842,78.2484,0.0
SMR,218,San Marino,San Marino,Europe,33660.0,34007.0,33570.0,31608.0,26823.0,23132.0,21346.0,18169.0,61,551.8033,0.0
STP,187,Sao Tome and Principe,São Tomé,Africa,227380.0,218641.0,201124.0,182138.0,143714.0,120343.0,97210.0,77583.0,964,235.8714,0.0
SAU,41,Saudi Arabia,Riyadh,Asia,36408820.0,35997107.0,32749848.0,29411929.0,21547390.0,16004763.0,10171710.0,6106191.0,2149690,16.9368,0.46
SEN,72,Senegal,Dakar,Africa,17316449.0,16436119.0,14356181.0,12530121.0,9704287.0,7536001.0,5703869.0,4367744.0,196722,88.025,0.22
SRB,105,Serbia,Belgrade,Europe,7221365.0,7358005.0,7519496.0,7653748.0,7935022.0,7987529.0,7777010.0,7193533.0,88361,81.7257,0.09
SYC,196,Seychelles,Victoria,Africa,107118.0,105530.0,99240.0,92409.0,80060.0,71057.0,65290.0,54379.0,452,236.9867,0.0
SLE,102,Sierra Leone,Freetown,Africa,8605718.0,8233969.0,7314773.0,6436698.0,4584067.0,4325388.0,3367477.0,2778557.0,71740,119.957,0.11
SGP,113,Singapore,Singapore,Asia,5975689.0,5909869.0,5650018.0,5163590.0,4053602.0,3022209.0,2400729.0,2061831.0,710,8416.4634,0.07
SXM,214,Sint Maarten,Philipsburg,North America,44175.0,43621.0,40205.0,33034.0,30489.0,27845.0,12243.0,6260.0,34,1299.2647,0.0
SVK,116,Slovakia,Bratislava,Europe,5643453.0,5456681.0,5424444.0,5396424.0,5376690.0,5261305.0,4973883.0,4522867.0,49037,115.0856,0.07
SVN,148,Slovenia,Ljubljana,Europe,2119844.0,2117641.0,2080862.0,2057286.0,1984339.0,1986024.0,1901570.0,1741286.0,20273,104.5649,0.03
SLB,166,Solomon Islands,Honiara,Oceania,724273.0,691191.0,612660.0,540394.0,429978.0,331823.0,233668.0,172833.0,28896,25.0648,0.01
SOM,70,Somalia,Mogadishu,Africa,17597511.0,16537016.0,13763906.0,12026649.0,8721465.0,6999096.0,5892224.0,3720977.0,637657,27.5971,0.22
ZAF,24,South Africa,Pretoria,Africa,59893885.0,58801927.0,55876504.0,51784921.0,46813266.0,39877570.0,29463549.0,22368306.0,1221037,49.0517,0.75
KOR,29,South Korea,Seoul,Asia,51815810.0,51844690.0,50994401.0,48813042.0,46788591.0,44120039.0,38170501.0,32601143.0,100210,517.0722,0.65
SSD,86,South Sudan,Juba,Africa,10913164.0,10606227.0,11194299.0,9714419.0,6114440.0,4750817.0,4192011.0,3342410.0,619745,17.6091,0.14
ESP,30,Spain,Madrid,Europe,47558630.0,47363807.0,46431342.0,46572772.0,40741651.0,38889889.0,37491666.0,33792617.0,505992,93.9909,0.6
LKA,61,Sri Lanka,Colombo,Asia,21832143.0,21715079.0,21336697.0,20668557.0,18776371.0,17204094.0,14943645.0,12388769.0,65610,332.7563,0.27
SDN,32,Sudan,Khartoum,Africa,46874204.0,44440486.0,38171178.0,33739933.0,26298773.0,21090886.0,16673586.0,11305206.0,1886068,24.8529,0.59
SUR,170,Suriname,Paramaribo,South America,618040.0,607065.0,575475.0,546080.0,478998.0,412756.0,375112.0,379918.0,163820,3.7727,0.01
SWE,87,Sweden,Stockholm,Europe,10549347.0,10368969.0,9849349.0,9381729.0,8871043.0,8548406.0,8311763.0,8027702.0,450295,23.4276,0.13
CHE,101,Switzerland,Bern,Europe,8740472.0,8638613.0,8281732.0,7822435.0,7182059.0,6711693.0,6319113.0,6181227.0,41284,211.7157,0.11
SYR,60,Syria,Damascus,Asia,22125249.0,20772595.0,19205178.0,22337563.0,16307654.0,12408996.0,8898954.0,6319199.0,185180,119.4797,0.28
TWN,57,Taiwan,Taipei,Asia,23893394.0,23821464.0,23512136.0,23083083.0,22194731.0,20586174.0,18100281.0,14957870.0,36193,660.1662,0.3
TJK,95,Tajikistan,Dushanbe,Asia,9952787.0,9543207.0,8524063.0,7621779.0,6272998.0,5417860.0,4045965.0,2993019.0,143100,69.5513,0.12
TZA,22,Tanzania,Dodoma,Africa,65497748.0,61704518.0,52542823.0,45110527.0,34463704.0,26206012.0,19297659.0,13618192.0,945087,69.3034,0.82
THA,20,Thailand,Bangkok,Asia,71697030.0,71475664.0,70294397.0,68270489.0,63066603.0,55228410.0,45737753.0,35791728.0,513120,139.7276,0.9
TLS,155,Timor-Leste,Dili,Asia,1341296.0,1299995.0,1205813.0,1088486.0,878360.0,758106.0,642224.0,554021.0,14874,90.1772,0.02
TGO,100,Togo,Lomé,Africa,8848699.0,8442580.0,7473229.0,6571855.0,5008035.0,3875947.0,2838110.0,2197383.0,56785,155.8281,0.11
TKL,233,Tokelau,Nukunonu,Oceania,1871.0,1827.0,1454.0,1367.0,1666.0,1669.0,1647.0,1714.0,12,155.9167,0.0
TON,197,Tonga,Nuku‘alofa,Oceania,106858.0,105254.0,106122.0,107383.0,102603.0,98727.0,96708.0,86484.0,747,143.0495,0.0
TTO,153,Trinidad and Tobago,Port-of-Spain,North America,1531044.0,1518147.0,1460177.0,1410296.0,1332203.0,1266518.0,1127852.0,988890.0,5130,298.4491,0.02
TUN,79,Tunisia,Tunis,Africa,12356117.0,12161723.0,11557779.0,10895063.0,9893316.0,8440023.0,6578156.0,5047404.0,163610,75.5218,0.15
TUR,18,Turkey,Ankara,Asia,85341241.0,84135428.0,79646178.0,73195345.0,64113547.0,54324142.0,44089069.0,35540990.0,783562,108.9145,1.07
TKM,111,Turkmenistan,Ashgabat,Asia,6430770.0,6250438.0,5766431.0,5267970.0,4569132.0,3720278.0,2862903.0,2201432.0,488100,13.1751,0.08
TCA,212,Turks and Caicos Islands,Cockburn Town,North America,45703.0,44276.0,36538.0,29726.0,18744.0,11709.0,7598.0,5665.0,948,48.2099,0.0
TUV,227,Tuvalu,Funafuti,Oceania,11312.0,11069.0,10877.0,10550.0,9638.0,9182.0,7731.0,5814.0,26,435.0769,0.0
UGA,31,Uganda,Kampala,Africa,47249585.0,44404611.0,37477356.0,32341728.0,24020697.0,17586630.0,13284026.0,10317212.0,241550,195.61,0.59
UKR,38,Ukraine,Kiev,Europe,39701739.0,43909666.0,44982564.0,45683020.0,48879755.0,51589817.0,49973920.0,47279086.0,603500,65.7858,0.5
ARE,97,United Arab Emirates,Abu Dhabi,Asia,9441129.0,9287289.0,8916899.0,8481771.0,3275333.0,1900151.0,1014048.0,298084.0,83600,112.9322,0.12
GBR,21,United Kingdom,London,Europe,67508936.0,67059474.0,65224364.0,62760039.0,58850043.0,57210442.0,56326328.0,55650166.0,242900,277.9289,0.85
USA,3,United States,"Washington, D.C.",North America,338289857.0,335942003.0,324607776.0,311182845.0,282398554.0,248083732.0,223140018.0,200328340.0,9372610,36.0935,4.24
VIR,200,United States Virgin Islands,Charlotte Amalie,North America,99465.0,100442.0,102803.0,106142.0,108185.0,100685.0,96640.0,63446.0,347,286.6427,0.0
URY,133,Uruguay,Montevideo,South America,3422794.0,3429086.0,3402818.0,3352651.0,3292224.0,3117012.0,2953750.0,2790265.0,181034,18.9069,0.04
UZB,43,Uzbekistan,Tashkent,Asia,34627652.0,33526656.0,30949417.0,28614227.0,24925554.0,20579100.0,15947129.0,12011361.0,447400,77.3975,0.43
VUT,181,Vanuatu,Port-Vila,Oceania,326740.0,311685.0,276438.0,245453.0,192074.0,150882.0,118156.0,87019.0,12189,26.8061,0.0
VAT,234,Vatican City,Vatican City,Europe,510.0,520.0,564.0,596.0,651.0,700.0,733.0,752.0,1,510.0,0.0
VEN,51,Venezuela,Caracas,South America,28301696.0,28490453.0,30529716.0,28715022.0,24427729.0,19750579.0,15210443.0,11355475.0,916445,30.882,0.35
VNM,16,Vietnam,Hanoi,Asia,98186856.0,96648685.0,92191398.0,87411012.0,79001142.0,66912613.0,52968270.0,41928849.0,331212,296.4472,1.23
WLF,226,Wallis and Futuna,Mata-Utu,Oceania,11572.0,11655.0,12182.0,13142.0,14723.0,13454.0,11315.0,9377.0,142,81.493,0.0
ESH,172,Western Sahara,El Aaiún,Africa,575986.0,556048.0,491824.0,413296.0,270375.0,178529.0,116775.0,76371.0,266000,2.1654,0.01
YEM,46,Yemen,Sanaa,Asia,33696614.0,32284046.0,28516545.0,24743946.0,18628700.0,13375121.0,9204938.0,6843607.0,527968,63.8232,0.42
ZMB,63,Zambia,Lusaka,Africa,20017675.0,18927715.0,16248230.0,13792086.0,9891136.0,7686401.0,5720438.0,4281671.0,752612,26.5976,0.25
ZWE,74,Zimbabwe,Harare,Africa,16320537.0,15669666.0,14154937.0,12839771.0,11834676.0,10113893.0,7049926.0,5202918.0,390757,41.7665,0.2
ARG,33,Argentina,Buenos Aires,South America,45510318.0,45036032.0,43257065.0,41100123.0,37070774.0,32637657.0,28024803.0,23842803.0,2780400,16.3683,0.57
